day,kinko,Ptime,starttime,endtime,kokyaku,kokyaku_total,WD,core
43009,1299,0.000729167,43009.06678,43009.0677,0,0,1,7.3
43023,1299,0.000775463,43023.05194,43023.05287,0,0,1,7.3
43043,1299,0.000648148,43043.07762,43043.07839,0,433066,7,7.3
43044,1299,0.000706019,43044.04647,43044.04734,0,433066,1,7.3
43051,1299,0.000775463,43051.05522,43051.05615,0,645360,1,7.3
43057,1299,0.000740741,43057.07649,43057.07735,0,645360,7,7.3
43058,1299,0.000844907,43058.05108,43058.05205,0,645360,1,7.3
43064,1299,0.000740741,43064.07744,43064.0783,0,1362056,7,7.3
43072,1299,0.000787037,43072.05847,43072.05942,0,1362056,1,7.3
43086,1299,0.000694444,43086.05361,43086.05448,0,1362056,1,7.3
43092,1299,0.000671296,43092.05663,43092.05745,0,1362056,7,7.3
43093,1299,0.000671296,43093.0562,43093.05703,0,1362056,1,7.3
43100,1299,0.00068287,43100.0567,43100.05753,0,1362056,1,7.3
43142,1299,0.000625,43142.06288,43142.06369,0,1362056,1,7.3
43149,1299,0.000694444,43149.0641,43149.06493,0,1362056,1,7.3
43156,1299,0.000717593,43156.05417,43156.05503,0,1362056,1,7.3
43191,1299,0.00068287,43191.06832,43191.06919,0,1362056,1,7.3
43198,1299,0.000636574,43198.05304,43198.05385,0,1362056,1,7.3
43219,1299,0.000740741,43219.05355,43219.0545,0,1743698,1,7.3
43225,1299,0.000729167,43225.05263,43225.05351,0,2031378,7,7.3
43226,1299,0.000717593,43226.05051,43226.05135,0,2031378,1,7.3
43254,1299,0.000775463,43254.05616,43254.05715,0,2031378,1,7.3
43254,1100,0.000717593,43254.06346,43254.06434,0,3212446,1,6.3
43254,1267,0.000648148,43254.06536,43254.06612,431492,3212446,1,6.3
43260,1100,0.001898148,43260.07972,43260.08185,0,3843177,7,6.3
43268,1299,0.000821759,43268.06287,43268.06389,0,2031378,1,7.3
43268,1100,0.000763889,43268.06384,43268.06476,0,3843177,1,6.3
43268,1267,0.000810185,43268.06934,43268.0703,431492,3843177,1,6.3
43274,1100,0.000277778,43274.08301,43274.08332,0,3843177,7,6.3
43275,1299,0.000775463,43275.06655,43275.06749,0,2031378,1,7.3
43275,1100,0.000706019,43275.06729,43275.06816,0,3843177,1,6.3
43275,1267,0.000671296,43275.0723,43275.0731,431492,3843177,1,6.3
43282,1100,0.000729167,43282.07369,43282.07461,0,3843177,1,6.3
43282,1299,0.000763889,43282.07704,43282.07797,0,2031378,1,7.3
43296,1299,0.000856481,43296.06375,43296.06486,0,2031378,1,7.3
43296,1100,0.000694444,43296.06803,43296.06892,0,3843177,1,6.3
43296,1267,0.000648148,43296.076,43296.07679,431492,3843177,1,6.3
43323,1299,0.0040625,43323.07793,43323.08223,0,3556736,7,7.3
43323,1100,0.00119213,43323.08205,43323.08332,0,3843177,7,6.3
43324,1100,0.000717593,43324.05903,43324.05999,0,3843177,1,6.3
43324,1299,0.000810185,43324.06141,43324.0624,0,3556736,1,7.3
43324,1267,0.000775463,43324.06866,43324.06957,431492,3843177,1,6.3
43345,1100,0.000798611,43345.06082,43345.06179,0,3843177,1,6.3
43345,1299,0.00087963,43345.06818,43345.06924,0,6016081,1,7.3
43345,1267,0.000243056,43345.08304,43345.08329,431492,3843177,1,6.3
43352,1100,0.000694444,43352.0637,43352.06464,0,3843177,1,6.3
43352,1299,0.000821759,43352.0653,43352.06639,0,6016081,1,7.3
43352,1267,0.000671296,43352.06728,43352.06814,431492,3843177,1,6.3
43359,1100,0.000752315,43359.0687,43359.06972,0,3843177,1,6.3
43359,1299,0.001030093,43359.07091,43359.07211,0,6016081,1,7.3
43359,1267,0.000798611,43359.07311,43359.07414,431492,3843177,1,6.3
43373,1100,0.000856481,43373.05846,43373.05955,0,3843177,1,6.3
43373,1299,0.001435185,43373.06012,43373.06178,0,6016081,1,7.3
43373,1267,0.000775463,43373.07019,43373.07111,431492,3843177,1,6.3
43380,1100,0.000787037,43380.06075,43380.06177,0,3843177,1,6.3
43380,1299,0.001215278,43380.06273,43380.06413,0,6016081,1,7.3
43380,1267,0.000763889,43380.06808,43380.06899,431492,3843177,1,6.3
43387,1100,0.000810185,43387.06153,43387.0626,0,3843177,1,6.3
43387,1299,0.001076389,43387.06385,43387.06517,0,6016081,1,7.3
43387,1267,0.000844907,43387.06955,43387.07057,431492,3843177,1,6.3
43401,1100,0.000775463,43401.06201,43401.063,0,6895451,1,6.3
43401,1299,0.001064815,43401.06297,43401.06422,0,6016081,1,7.3
43401,1267,0.000787037,43401.07347,43401.0744,431492,6895451,1,6.3
43407,1100,0.000740741,43407.0666,43407.06749,0,11509950,7,6.3
43407,1299,0.001018519,43407.068,43407.06922,0,6016081,7,7.3
43407,1267,0.000104167,43407.08321,43407.08331,431492,11509950,7,6.3
43414,1260,0.3,43414.13221,43414.43667,2459345,6016081,7,7.3
43415,1100,0.000706019,43415.06429,43415.06524,0,11509950,1,6.3
43415,1299,0.000960648,43415.06926,43415.07038,0,6016081,1,7.3
43415,1267,0.000706019,43415.07578,43415.07668,431492,11509950,1,6.3
43429,1100,0.000763889,43429.0615,43429.06248,0,11509950,1,6.3
43429,1299,0.001076389,43429.06233,43429.06362,0,6016081,1,7.3
43429,1267,0.000729167,43429.07657,43429.07744,431492,11509950,1,6.3
43436,1100,0.000706019,43436.06296,43436.06384,0,11509950,1,6.3
43436,1299,0.001087963,43436.06584,43436.06712,0,6016081,1,7.3
43457,1100,0.000694444,43457.05719,43457.05804,0,11509950,1,6.3
43457,1299,0.0009375,43457.0595,43457.06071,0,6016081,1,7.3
43457,1267,0.000787037,43457.0717,43457.07263,431492,11509950,1,6.3
43464,1299,0.000960648,43464.06626,43464.06743,0,6016081,1,7.3
43464,1100,0.000671296,43464.07211,43464.07293,0,11509950,1,6.3
43464,1267,0.000625,43464.08258,43464.08332,431492,11509950,1,6.3
43471,1100,0.00068287,43471.05811,43471.05896,0,11509950,1,6.3
43471,1299,0.000810185,43471.06954,43471.07053,0,6016081,1,7.3
43471,1267,0.000752315,43471.0739,43471.07483,431492,11509950,1,6.3
43478,1100,0.000740741,43478.06712,43478.06803,0,11509950,1,6.3
43478,1299,0.000949074,43478.06979,43478.07096,0,6016081,1,7.3
43478,1267,0.000740741,43478.07845,43478.07935,431492,11509950,1,6.3
43485,1299,0.001099537,43485.06527,43485.06655,0,6016081,1,7.3
43485,1100,0.00068287,43485.06706,43485.06793,0,11509950,1,6.3
43485,1267,0.000706019,43485.07765,43485.07852,431492,11509950,1,6.3
43492,1100,0.00068287,43492.0563,43492.05714,0,11509950,1,6.3
43492,1299,0.001145833,43492.06337,43492.06475,0,6016081,1,7.3
43492,1267,0.000648148,43492.07249,43492.0733,431492,11509950,1,6.3
43499,1100,0.00068287,43499.05922,43499.06008,0,11509950,1,6.3
43499,1299,0.001134259,43499.06369,43499.06508,0,6016081,1,7.3
43499,1267,0.000729167,43499.07574,43499.07661,431492,11509950,1,6.3
43512,1299,0.000902778,43512.07166,43512.07284,0,6016081,7,7.3
43512,1100,0.000833333,43512.0752,43512.07617,0,11509950,7,6.3
43513,1299,0.001053241,43513.05443,43513.05576,0,6016081,1,7.3
43513,1100,0.000787037,43513.05593,43513.05686,0,11509950,1,6.3
43513,1267,0.000844907,43513.06549,43513.06654,431492,11509950,1,6.3
43519,1100,0.000694444,43519.06091,43519.06176,0,11509950,7,6.3
43519,1299,0.000810185,43519.06708,43519.06811,0,6016081,7,7.3
43519,1267,0.0009375,43519.07104,43519.07215,431492,11509950,7,6.3
43520,1100,0.000810185,43520.052,43520.05303,0,11509950,1,6.3
43520,1299,0.000960648,43520.0551,43520.05628,0,6016081,1,7.3
43520,1267,0.000902778,43520.06251,43520.06356,431492,11509950,1,6.3
43526,1100,0.000740741,43526.072,43526.07296,0,11509950,7,6.3
43526,1299,0.000902778,43526.07669,43526.07777,0,6016081,7,7.3
43533,1100,0.001979167,43533.05959,43533.06178,0,11509950,7,6.3
43533,1299,0.006898148,43533.06737,43533.07447,0,6016081,7,7.3
43533,1267,0.007546296,43533.06856,43533.07628,431492,11509950,7,6.3
43540,1100,0.000694444,43540.07043,43540.07128,0,11509950,7,6.3
43540,1299,0.000891204,43540.07193,43540.07303,0,6016081,7,7.3
43540,1267,0.000949074,43540.07792,43540.07906,431492,11509950,7,6.3
43541,1100,0.000810185,43541.05457,43541.05553,0,11509950,1,6.3
43541,1299,0.0009375,43541.05457,43541.05579,0,6016081,1,7.3
43541,1267,0.0009375,43541.06186,43541.063,431492,11509950,1,6.3
43547,1299,0.000868056,43547.06429,43547.06531,0,6016081,7,7.3
43547,1100,0.000706019,43547.06694,43547.06778,0,11509950,7,6.3
43547,1267,0.000856481,43547.07332,43547.07436,431492,11509950,7,6.3
43547,1260,0.00119213,43547.48488,43547.48622,2459345,6016081,7,7.3
43554,1299,0.000868056,43554.06755,43554.06858,0,6016081,7,7.3
43554,1100,0.000717593,43554.07457,43554.07545,0,11509950,7,6.3
43554,1267,0.000798611,43554.0823,43554.0833,431492,11509950,7,6.3
43555,1100,0.000810185,43555.0536,43555.05457,0,11509950,1,6.3
43555,1299,0.001122685,43555.05536,43555.0567,0,6016081,1,7.3
43555,1267,0.000925926,43555.06352,43555.06466,431492,11509950,1,6.3
43561,1100,0.002048611,43561.06228,43561.06462,0,11509950,7,6.3
43561,1299,0.006967593,43561.07199,43561.07912,0,6016081,7,7.3
43561,1267,0.003402778,43561.07981,43561.08331,431492,11509950,7,6.3
43568,1100,0.000717593,43568.05694,43568.05787,0,11509950,7,6.3
43568,1299,0.000868056,43568.064,43568.06502,0,6016081,7,7.3
43568,1267,0.001018519,43568.06657,43568.06772,431492,11509950,7,6.3
43569,1100,0.000798611,43569.05309,43569.05404,0,11509950,1,6.3
43569,1299,0.000925926,43569.05933,43569.0605,0,6016081,1,7.3
43569,1267,0.000856481,43569.06318,43569.06424,431492,11509950,1,6.3
43575,1100,0.000717593,43575.05683,43575.05777,0,11509950,7,6.3
43575,1267,0.0009375,43575.06638,43575.06753,431492,11509950,7,6.3
43575,1299,0.000787037,43575.06789,43575.06888,0,6016081,7,7.3
43582,1100,0.000775463,43582.07385,43582.07485,0,11509950,7,6.3
43582,1299,0.000902778,43582.07539,43582.07648,0,6016081,7,7.3
43589,1100,0.000740741,43589.04156,43589.04256,0,11509950,7,6.3
43589,1299,0.000891204,43589.04478,43589.04593,0,6016081,7,7.3
43589,1267,0.000752315,43589.0545,43589.05545,431492,11509950,7,6.3
43596,1100,0.001840278,43596.06752,43596.06957,0,11509950,7,6.3
43596,1299,0.006018519,43596.07127,43596.07745,0,6016081,7,7.3
43596,1267,0.005173611,43596.07659,43596.08191,431492,11509950,7,6.3
43603,1100,0.000694444,43603.05858,43603.0594,0,11509950,7,6.3
43603,1299,0.00087963,43603.06471,43603.0658,0,6016081,7,7.3
43603,1267,0.000821759,43603.06683,43603.06782,431492,11509950,7,6.3
43604,1299,0.001041667,43604.05387,43604.05512,0,6016081,1,7.3
43604,1100,0.000775463,43604.05494,43604.05594,0,11509950,1,6.3
43604,1267,0.000810185,43604.0641,43604.06512,431492,11509950,1,6.3
43610,1100,0.000729167,43610.06194,43610.06288,0,11509950,7,6.3
43610,1299,0.000983796,43610.0672,43610.06841,0,6016081,7,7.3
43610,1267,0.000787037,43610.07235,43610.07331,431492,11509950,7,6.3
43611,1299,0.001041667,43611.05544,43611.05674,0,6016081,1,7.3
43611,1100,0.000787037,43611.05737,43611.05833,0,11509950,1,6.3
43611,1267,0.000821759,43611.06769,43611.06873,431492,11509950,1,6.3
43618,1100,0.000856481,43618.05711,43618.05819,0,11875450,1,6.3
43618,1299,0.001238426,43618.06226,43618.06366,0,6016081,1,7.3
43618,1267,0.000856481,43618.07294,43618.07398,431492,11875450,1,6.3
43624,1100,0.001944444,43624.05758,43624.05977,0,11875450,7,6.3
43624,1299,0.006990741,43624.06613,43624.0733,0,6678291,7,7.3
43624,1267,0.0078125,43624.0681,43624.07606,431492,11875450,7,6.3
43625,1100,0.000740741,43625.0526,43625.05354,0,11875450,1,6.3
43625,1299,0.001261574,43625.06013,43625.06157,0,6678291,1,7.3
43625,1267,0.000787037,43625.06622,43625.06719,431492,11875450,1,6.3
43631,1100,0.000717593,43631.06505,43631.06605,0,11875450,7,6.3
43631,1299,0.001134259,43631.06802,43631.06932,0,6678291,7,7.3
43631,1267,0.000844907,43631.07774,43631.07872,431492,11875450,7,6.3
43638,1100,0.000706019,43638.06326,43638.06413,0,11875450,7,6.3
43638,1299,0.001226852,43638.06847,43638.0699,0,6678291,7,7.3
43638,1267,0.000833333,43638.07252,43638.07347,431492,11875450,7,6.3
43645,1299,0.001041667,43645.07525,43645.07654,0,6678291,7,7.3
43645,1100,0.00068287,43645.07906,43645.07999,0,11875450,7,6.3
43652,1299,0.006655093,43652.06652,43652.07338,0,6678291,7,7.3
43652,1100,0.001909722,43652.06787,43652.06993,0,11875450,7,6.3
43652,1267,0.001747685,43652.08142,43652.08324,431492,11875450,7,6.3
43659,1100,0.000729167,43659.06081,43659.06182,0,11875450,7,6.3
43659,1299,0.000972222,43659.06472,43659.0659,0,6678291,7,7.3
43659,1267,0.000891204,43659.07193,43659.073,431492,11875450,7,6.3
43666,1100,0.000694444,43666.06126,43666.06213,0,11875450,7,6.3
43666,1299,0.000925926,43666.06427,43666.06547,0,6678291,7,7.3
43666,1267,0.000821759,43666.07476,43666.07572,431492,11875450,7,6.3
43673,1100,0.000717593,43673.06659,43673.06751,0,13192625,7,6.3
43673,1299,0.000891204,43673.06828,43673.06938,0,6678291,7,7.3
43673,1267,0.000810185,43673.07922,43673.08027,431492,13192625,7,6.3
43674,1100,0.000717593,43674.05307,43674.05397,0,13192625,1,6.3
43674,1299,0.001111111,43674.05892,43674.06025,0,6678291,1,7.3
43674,1267,0.000960648,43674.06454,43674.06568,431492,13192625,1,6.3
43674,1349,0.001226852,43674.07333,43674.07473,1317175,13192625,1,6.3
43680,1100,0.000729167,43680.064,43680.06492,0,13192625,7,6.3
43680,1299,0.000856481,43680.06534,43680.06639,0,6678291,7,7.3
43680,1267,0.000810185,43680.07935,43680.08034,431492,13192625,7,6.3
43681,1100,0.000671296,43681.05515,43681.05603,0,13192625,1,6.3
43681,1299,0.000775463,43681.06082,43681.06181,0,6678291,1,7.3
43681,1267,0.000775463,43681.06615,43681.06708,431492,13192625,1,6.3
43681,1349,0.000983796,43681.0764,43681.07755,1317175,13192625,1,6.3
43687,1100,0.002048611,43687.06156,43687.06382,0,13192625,7,6.3
43687,1299,0.006087963,43687.06455,43687.07083,0,6678291,7,7.3
43687,1267,0.00869213,43687.07294,43687.08185,431492,13192625,7,6.3
43694,1100,0.00068287,43694.05968,43694.06056,0,13192625,7,6.3
43694,1299,0.00087963,43694.06446,43694.06557,0,6678291,7,7.3
43694,1267,0.000868056,43694.07014,43694.0712,431492,13192625,7,6.3
43694,1349,0.000729167,43694.08253,43694.0833,1317175,13192625,7,6.3
43695,1100,0.000787037,43695.05252,43695.05353,0,13192625,1,6.3
43695,1299,0.001099537,43695.05895,43695.06029,0,6678291,1,7.3
43695,1267,0.000891204,43695.06564,43695.06681,431492,13192625,1,6.3
43695,1349,0.00119213,43695.0735,43695.07483,1317175,13192625,1,6.3
43701,1100,0.000729167,43701.06216,43701.06314,0,13192625,7,6.3
43701,1299,0.000925926,43701.06792,43701.06909,0,6678291,7,7.3
43701,1267,0.000844907,43701.07398,43701.07498,431492,13192625,7,6.3
43708,1299,0.000925926,43708.06777,43708.06895,0,6678291,7,7.3
43708,1100,0.000671296,43708.06934,43708.07017,0,13192625,7,6.3
43708,1267,0.000821759,43708.08149,43708.08252,431492,13192625,7,6.3
43709,1100,0.000787037,43709.05753,43709.05851,0,13192625,1,6.3
43709,1299,0.001087963,43709.05825,43709.05953,0,6678291,1,7.3
43709,1267,0.000925926,43709.0669,43709.06802,431492,13192625,1,6.3
43709,1349,0.001064815,43709.07958,43709.08086,1317175,13192625,1,6.3
43715,1100,0.002164352,43715.06193,43715.06438,0,13819716,7,6.3
43715,1299,0.006284722,43715.06553,43715.07212,0,6678291,7,7.3
43715,1267,0.003125,43715.07995,43715.08324,431492,13819716,7,6.3
43722,1299,0.0009375,43722.06102,43722.06214,0,6678291,7,7.3
43722,1100,0.000694444,43722.06294,43722.06388,0,13819716,7,6.3
43722,1267,0.000810185,43722.0735,43722.0745,431492,13819716,7,6.3
43723,1100,0.000763889,43723.05259,43723.05363,0,13819716,1,6.3
43723,1299,0.001064815,43723.05942,43723.06068,0,6678291,1,7.3
43723,1267,0.000972222,43723.06424,43723.06538,431492,13819716,1,6.3
43723,1349,0.001087963,43723.07688,43723.07817,1317175,13819716,1,6.3
43729,1100,0.000694444,43729.06529,43729.06623,0,13819716,7,6.3
43729,1299,0.000752315,43729.07532,43729.07637,0,6678291,7,7.3
43729,1267,0.000821759,43729.07904,43729.08006,431492,13819716,7,6.3
43736,1299,0.000902778,43736.06887,43736.07002,0,6678291,7,7.3
43736,1100,0.000740741,43736.07044,43736.07137,0,13819716,7,6.3
43743,1100,0.002083333,43743.06245,43743.0647,0,13819716,7,6.3
43743,1299,0.006134259,43743.06578,43743.07208,0,6678291,7,7.3
43743,1267,0.003449074,43743.07885,43743.08244,431492,13819716,7,6.3
43744,1100,0.000717593,43744.05299,43744.05399,0,13819716,1,6.3
43744,1299,0.000914352,43744.05986,43744.06097,0,6678291,1,7.3
43744,1267,0.000833333,43744.06382,43744.06485,431492,13819716,1,6.3
43744,1349,0.00099537,43744.07556,43744.07668,1317175,13819716,1,6.3
43750,1299,0.001041667,43750.0648,43750.06598,0,6678291,7,7.3
43750,1100,0.000694444,43750.06494,43750.06586,0,13819716,7,6.3
43750,1267,0.00087963,43750.07325,43750.07431,431492,13819716,7,6.3
43751,1100,0.000798611,43751.05244,43751.05348,0,13819716,1,6.3
43751,1299,0.001064815,43751.05594,43751.05716,0,6678291,1,7.3
43751,1267,0.000798611,43751.06649,43751.06748,431492,13819716,1,6.3
43751,1349,0.001122685,43751.07463,43751.0759,1317175,13819716,1,6.3
43757,1100,0.000752315,43757.06152,43757.06255,0,13819716,7,6.3
43757,1299,0.000844907,43757.06447,43757.0655,0,6678291,7,7.3
43757,1267,0.000844907,43757.07438,43757.07539,431492,13819716,7,6.3
43758,1100,0.000729167,43758.05316,43758.05412,0,13819716,1,6.3
43758,1299,0.001053241,43758.05519,43758.0564,0,6678291,1,7.3
43758,1267,0.000914352,43758.06535,43758.06641,431492,13819716,1,6.3
43758,1349,0.001099537,43758.07606,43758.07735,1317175,13819716,1,6.3
43764,1100,0.000717593,43764.06701,43764.06792,0,13819716,7,6.3
43764,1299,0.000833333,43764.07257,43764.07356,0,6678291,7,7.3
43764,1267,0.000868056,43764.07953,43764.08056,431492,13819716,7,6.3
43765,1299,0.001087963,43765.05534,43765.05662,0,6678291,1,7.3
43765,1100,0.000740741,43765.05628,43765.05728,0,13819716,1,6.3
43765,1267,0.0009375,43765.06894,43765.07006,431492,13819716,1,6.3
43771,1100,0.000729167,43771.06877,43771.06969,0,13819716,7,6.3
43771,1299,0.00099537,43771.07041,43771.07159,0,6678291,7,7.3
43778,1100,0.00212963,43778.06159,43778.06402,0,13819716,7,6.3
43778,1299,0.004375,43778.06568,43778.07028,0,6678291,7,7.3
43778,1267,0.008553241,43778.07449,43778.08329,431492,13819716,7,6.3
43779,1100,0.000729167,43779.05618,43779.05713,0,13819716,1,6.3
43779,1299,0.00099537,43779.05881,43779.06001,0,6678291,1,7.3
43779,1267,0.000810185,43779.06659,43779.0676,431492,13819716,1,6.3
43779,1349,0.001053241,43779.07814,43779.07932,1317175,13819716,1,6.3
43785,1100,0.000763889,43785.06404,43785.06495,0,13819716,7,6.3
43785,1299,0.000914352,43785.06865,43785.06972,0,6678291,7,7.3
43785,1267,0.00087963,43785.07564,43785.07666,431492,13819716,7,6.3
43786,1100,0.000775463,43786.05623,43786.05722,0,13819716,1,6.3
43786,1299,0.001238426,43786.05961,43786.06108,0,6678291,1,7.3
43786,1267,0.000925926,43786.06831,43786.06938,431492,13819716,1,6.3
43792,1100,0.000717593,43792.04403,43792.0449,0,13819716,7,6.3
43792,1299,0.001006944,43792.0512,43792.05237,0,6678291,7,7.3
43792,1267,0.000856481,43792.05716,43792.05819,431492,13819716,7,6.3
43792,1349,0.000972222,43792.07125,43792.07238,1317175,13819716,7,6.3
43799,1299,0.0009375,43799.0687,43799.06991,0,6678291,7,7.3
43799,1100,0.000717593,43799.06924,43799.07009,0,13819716,7,6.3
43800,1100,0.000810185,43800.05598,43800.05693,0,13819716,1,6.3
43800,1299,0.001099537,43800.05891,43800.06025,0,6678291,1,7.3
43800,1267,0.00087963,43800.06823,43800.06925,431492,13819716,1,6.3
43800,1349,0.000960648,43800.08156,43800.08271,1317175,13819716,1,6.3
43806,1100,0.001990741,43806.06198,43806.06421,0,13819716,7,6.3
43806,1299,0.004409722,43806.06613,43806.07075,0,6678291,7,7.3
43806,1267,0.00150463,43806.08167,43806.08322,431492,13819716,7,6.3
43806,1260,0.08,43806.8033,43806.89003,2459345,6678291,7,7.3
43813,1299,0.000902778,43813.06411,43813.06523,0,6678291,7,7.3
43813,1100,0.000914352,43813.07145,43813.07258,0,13819716,7,6.3
43814,1100,0.000787037,43814.0549,43814.05598,0,13819716,1,6.3
43814,1299,0.000902778,43814.05766,43814.0587,0,6678291,1,7.3
43814,1267,0.000763889,43814.07201,43814.07288,431492,13819716,1,6.3
43814,1349,0.000925926,43814.08133,43814.08238,1317175,13819716,1,6.3
43820,1100,0.000868056,43820.06447,43820.06553,0,13819716,7,6.3
43820,1299,0.00087963,43820.06791,43820.06892,0,6678291,7,7.3
43820,1267,0.000740741,43820.07891,43820.07981,431492,13819716,7,6.3
43827,1299,0.000856481,43827.07271,43827.07385,0,6678291,7,7.3
43827,1100,0.000844907,43827.07659,43827.07762,0,13819716,7,6.3
43828,1100,0.000833333,43828.05205,43828.05315,0,13819716,1,6.3
43828,1299,0.000925926,43828.05845,43828.05951,0,6678291,1,7.3
43828,1267,0.000833333,43828.06546,43828.06648,431492,13819716,1,6.3
43828,1349,0.0009375,43828.08091,43828.082,1317175,13819716,1,6.3
43834,1100,0.000821759,43834.0549,43834.05598,0,13819716,7,6.3
43834,1299,0.0009375,43834.05938,43834.0605,0,6678291,7,7.3
43834,1267,0.000763889,43834.06963,43834.07057,431492,13819716,7,6.3
43835,1100,0.000671296,43835.05322,43835.0541,0,13819716,1,6.3
43835,1299,0.000833333,43835.05384,43835.05485,0,6678291,1,7.3
43835,1267,0.000752315,43835.06146,43835.06236,431492,13819716,1,6.3
43835,1349,0.000925926,43835.07549,43835.07656,1317175,13819716,1,6.3
43841,1299,0.004085648,43841.06841,43841.0727,0,6678291,7,7.3
43841,1100,0.002141204,43841.07123,43841.07353,0,13819716,7,6.3
43848,1100,0.000717593,43848.06267,43848.06362,0,13819716,7,6.3
43848,1299,0.000821759,43848.06382,43848.06486,0,6678291,7,7.3
43848,1267,0.000775463,43848.07383,43848.07476,431492,13819716,7,6.3
43855,1100,0.000717593,43855.06275,43855.0637,0,13819716,7,6.3
43855,1299,0.00087963,43855.0644,43855.06543,0,6678291,7,7.3
43855,1267,0.000844907,43855.0748,43855.07581,431492,13819716,7,6.3
43856,1100,0.000694444,43856.05242,43856.05333,0,13819716,1,6.3
43856,1299,0.001006944,43856.05354,43856.05473,0,6678291,1,7.3
43856,1267,0.000775463,43856.06512,43856.06605,431492,13819716,1,6.3
43856,1349,0.001041667,43856.08148,43856.08266,1317175,13819716,1,6.3
43863,1100,0.000752315,43863.05501,43863.05589,0,13819716,1,6.3
43863,1299,0.000972222,43863.06021,43863.06134,0,6678291,1,7.3
43863,1267,0.000740741,43863.07397,43863.07486,431492,13819716,1,6.3
43869,1100,0.002152778,43869.05813,43869.06045,0,13819716,7,6.3
43869,1299,0.004027778,43869.0645,43869.06873,0,6678291,7,7.3
43869,1267,0.008773148,43869.07198,43869.08098,431492,13819716,7,6.3
43870,1100,0.000833333,43870.05226,43870.05326,0,13819716,1,6.3
43870,1299,0.001018519,43870.05464,43870.05581,0,6678291,1,7.3
43870,1267,0.000752315,43870.06464,43870.06554,431492,13819716,1,6.3
43870,1349,0.000925926,43870.08104,43870.08213,1317175,13819716,1,6.3
43876,1299,0.000949074,43876.06404,43876.06515,0,6678291,7,7.3
43876,1100,0.000706019,43876.06973,43876.07069,0,13819716,7,6.3
43883,1299,0.000914352,43883.06398,43883.06506,0,6678291,7,7.3
43883,1100,0.000763889,43883.06442,43883.06539,0,13819716,7,6.3
43883,1267,0.000833333,43883.07524,43883.07627,431492,13819716,7,6.3
43890,1100,0.000740741,43890.07016,43890.07108,0,13819716,7,6.3
43890,1299,0.0009375,43890.07159,43890.07271,0,6678291,7,7.3
43891,1100,0.000810185,43891.05498,43891.05601,0,13819716,1,6.3
43891,1299,0.001006944,43891.06041,43891.06161,0,6678291,1,7.3
43891,1267,0.000763889,43891.0685,43891.06943,431492,13819716,1,6.3
43897,1100,0.002337963,43897.06097,43897.0636,0,13819716,7,6.3
43897,1299,0.004108796,43897.06493,43897.06924,0,6678291,7,7.3
43897,1267,0.00287037,43897.08,43897.08293,431492,13819716,7,6.3
43898,1100,0.000740741,43898.05093,43898.05186,0,13819716,1,6.3
43898,1299,0.000983796,43898.05605,43898.05723,0,6678291,1,7.3
43898,1267,0.000752315,43898.06494,43898.06586,431492,13819716,1,6.3
43898,1349,0.000972222,43898.08176,43898.08292,1317175,13819716,1,6.3
43904,1100,0.000752315,43904.06094,43904.06197,0,13819716,7,6.3
43904,1299,0.0009375,43904.06522,43904.06638,0,6678291,7,7.3
43904,1267,0.000729167,43904.07108,43904.07198,431492,13819716,7,6.3
43905,1100,0.000810185,43905.05101,43905.05206,0,13819716,1,6.3
43905,1299,0.001006944,43905.058,43905.05919,0,6678291,1,7.3
43905,1267,0.000787037,43905.06509,43905.06602,431492,13819716,1,6.3
43911,1100,0.000775463,43911.06043,43911.06144,0,13819716,7,6.3
43911,1299,0.000868056,43911.06299,43911.06403,0,6678291,7,7.3
43911,1267,0.000787037,43911.07153,43911.07248,431492,13819716,7,6.3
43918,1299,0.000868056,43918.06861,43918.06966,0,6678291,7,7.3
43918,1100,0.000902778,43918.06997,43918.07103,0,13819716,7,6.3
43919,1100,0.000787037,43919.05348,43919.05448,0,13819716,1,6.3
43919,1299,0.001041667,43919.05509,43919.0563,0,6678291,1,7.3
43919,1267,0.000821759,43919.06973,43919.07072,431492,13819716,1,6.3
43925,1100,0.002280093,43925.06381,43925.06656,0,13819716,7,6.3
43925,1299,0.004803241,43925.0692,43925.07444,0,6678291,7,7.3
43932,1100,0.000763889,43932.07063,43932.07162,0,13819716,7,6.3
43932,1299,0.000914352,43932.07229,43932.07339,0,6678291,7,7.3
43933,1100,0.000706019,43933.05269,43933.0536,0,13819716,1,6.3
43933,1299,0.000925926,43933.05816,43933.05928,0,6678291,1,7.3
43933,1267,0.000902778,43933.06557,43933.06662,431492,13819716,1,6.3
43939,1100,0.000960648,43939.06063,43939.06184,0,13819716,7,6.3
43939,1299,0.000868056,43939.06398,43939.06505,0,6678291,7,7.3
43939,1267,0.00099537,43939.07587,43939.07703,431492,13819716,7,6.3
43946,1100,0.000798611,43946.06405,43946.06502,0,13819716,7,6.3
43946,1299,0.000844907,43946.07133,43946.07234,0,6678291,7,7.3
43946,1267,0.000983796,43946.08039,43946.08155,431492,13819716,7,6.3
43953,1100,0.000729167,43953.07172,43953.07262,0,13819716,7,6.3
43953,1299,0.000821759,43953.07663,43953.07767,0,6678291,7,7.3
43954,1100,0.000717593,43954.05775,43954.0587,0,13819716,1,6.3
43954,1299,0.0009375,43954.05965,43954.06075,0,6678291,1,7.3
43954,1267,0.001006944,43954.07009,43954.07126,431492,13819716,1,6.3
43960,1100,0.00255787,43960.06462,43960.06743,0,13819716,7,6.3
43960,1299,0.003981481,43960.06788,43960.07205,0,6678291,7,7.3
43960,1267,0.003854167,43960.07897,43960.08299,431492,13819716,7,6.3
43961,1100,0.000706019,43961.05398,43961.05488,0,13819716,1,6.3
43961,1299,0.000925926,43961.05485,43961.05596,0,6678291,1,7.3
43961,1267,0.000972222,43961.06869,43961.0699,431492,13819716,1,6.3
43967,1100,0.000752315,43967.06591,43967.06685,0,13819716,7,6.3
43967,1299,0.000868056,43967.07183,43967.07286,0,6678291,7,7.3
43967,1267,0.000891204,43967.0805,43967.08156,431492,13819716,7,6.3
43968,1100,0.000729167,43968.04977,43968.05071,0,13819716,1,6.3
43968,1299,0.001018519,43968.05402,43968.05524,0,6678291,1,7.3
43968,1267,0.000983796,43968.06593,43968.06708,431492,13819716,1,6.3
43974,1100,0.000729167,43974.05934,43974.06025,0,13819716,7,6.3
43974,1299,0.0009375,43974.06788,43974.06903,0,6678291,7,7.3
43974,1267,0.000810185,43974.07586,43974.07682,431492,13819716,7,6.3
43981,1100,0.000891204,43981.06855,43981.06965,0,13819716,7,6.3
43981,1299,0.00087963,43981.07236,43981.07343,0,6678291,7,7.3
43982,1299,0.000972222,43982.0549,43982.05613,0,6678291,1,7.3
43982,1100,0.000798611,43982.05537,43982.05642,0,13819716,1,6.3
43982,1267,0.000740741,43982.0702,43982.07113,431492,13819716,1,6.3
43988,1100,0.002581019,43988.06178,43988.06458,0,13819716,7,6.3
43988,1299,0.004050926,43988.06963,43988.07387,0,6678291,7,7.3
43995,1100,0.00087963,43995.06134,43995.06244,0,13819716,7,6.3
43995,1299,0.0009375,43995.06457,43995.06572,0,6678291,7,7.3
43995,1267,0.000740741,43995.07575,43995.07666,431492,13819716,7,6.3
43996,1100,0.000787037,43996.05441,43996.05542,0,13819716,1,6.3
43996,1299,0.000972222,43996.05834,43996.05949,0,6678291,1,7.3
43996,1267,0.000752315,43996.07315,43996.07405,431492,13819716,1,6.3
44002,1100,0.000787037,44002.06281,44002.06372,0,13819716,7,6.3
44002,1299,0.000856481,44002.06819,44002.06925,0,6678291,7,7.3
44002,1267,0.000717593,44002.07946,44002.08034,431492,13819716,7,6.3
44009,1100,0.000752315,44009.07028,44009.07122,0,13819716,7,6.3
44009,1299,0.000914352,44009.07242,44009.07352,0,6678291,7,7.3
44016,1100,0.002141204,44016.06755,44016.06995,0,13819716,7,6.3
44016,1299,0.004166667,44016.07014,44016.07454,0,6678291,7,7.3
44023,1100,0.000763889,44023.07128,44023.07223,0,13819716,7,6.3
44023,1299,0.000868056,44023.07606,44023.07715,0,6678291,7,7.3
44024,1100,0.00068287,44024.05245,44024.05337,0,13819716,1,6.3
44024,1299,0.0009375,44024.05495,44024.05609,0,6678291,1,7.3
44024,1267,0.000694444,44024.06583,44024.06671,431492,13819716,1,6.3
44030,1100,0.000856481,44030.06466,44030.06575,0,13819716,7,6.3
44030,1299,0.001030093,44030.06616,44030.06738,0,6678291,7,7.3
44030,1267,0.000694444,44030.0792,44030.08008,431492,13819716,7,6.3
44037,1100,0.000648148,44037.06134,44037.06227,0,13819716,7,6.3
44037,1299,0.0009375,44037.06333,44037.06446,0,6678291,7,7.3
44037,1267,0.000729167,44037.07243,44037.0733,431492,13819716,7,6.3
44045,1100,0.000706019,44045.05485,44045.05575,0,13819716,1,6.3
44045,1299,0.000925926,44045.05763,44045.05873,0,6678291,1,7.3
44045,1267,0.000706019,44045.07589,44045.07676,431492,13819716,1,6.3
44051,1100,0.002743056,44051.06413,44051.06705,0,13819716,7,6.3
44051,1299,0.004421296,44051.06903,44051.07366,0,6678291,7,7.3
44051,1267,0.001875,44051.08133,44051.08323,431492,13819716,7,6.3
44058,1100,0.000752315,44058.06377,44058.06477,0,13819716,7,6.3
44058,1299,0.000960648,44058.06891,44058.07008,0,6678291,7,7.3
44058,1267,0.000300926,44058.08279,44058.08317,431492,13819716,7,6.3
44065,1100,0.000983796,44065.06241,44065.0636,0,13819716,7,6.3
44065,1299,0.000902778,44065.06873,44065.06981,0,6678291,7,7.3
44065,1267,0.000694444,44065.07779,44065.07866,431492,13819716,7,6.3
44072,1100,0.000833333,44072.06135,44072.06245,0,13819716,7,6.3
44072,1299,0.000960648,44072.07031,44072.07142,0,6678291,7,7.3
44072,1267,0.000810185,44072.0787,44072.07966,431492,13819716,7,6.3
44073,1100,0.00087963,44073.052,44073.05307,0,13819716,1,6.3
44073,1299,0.000960648,44073.05973,44073.06087,0,6678291,1,7.3
44073,1267,0.000752315,44073.06826,44073.06918,431492,13819716,1,6.3
44079,1100,0.002731481,44079.06509,44079.06806,0,13819716,7,6.3
44079,1299,0.004548611,44079.07046,44079.0752,0,6678291,7,7.3
44080,1100,0.000868056,44080.0537,44080.0548,0,13819716,1,6.3
44080,1299,0.000925926,44080.05856,44080.05962,0,6678291,1,7.3
44080,1267,0.000706019,44080.07022,44080.0711,431492,13819716,1,6.3
44086,1100,0.000752315,44086.06398,44086.06494,0,13819716,7,6.3
44086,1299,0.001006944,44086.06662,44086.06778,0,6678291,7,7.3
44086,1267,0.000729167,44086.07696,44086.07787,431492,13819716,7,6.3
44093,1100,0.000856481,44093.06563,44093.06668,0,13819716,7,6.3
44093,1299,0.000972222,44093.07094,44093.07213,0,6678291,7,7.3
44093,1267,0.000729167,44093.08243,44093.08331,431492,13819716,7,6.3
44100,1100,0.000763889,44100.07178,44100.07269,0,13819716,7,6.3
44100,1299,0.000972222,44100.07765,44100.07883,0,6678291,7,7.3
44107,1100,0.000833333,44107.06513,44107.06616,0,13819716,7,6.3
44107,1299,0.000949074,44107.07083,44107.07196,0,6678291,7,7.3
44108,1299,0.000798611,44108.05845,44108.05949,0,6678291,1,7.3
44108,1100,0.000740741,44108.06157,44108.0625,0,13819716,1,6.3
44108,1267,0.000856481,44108.07582,44108.07684,431492,13819716,1,6.3
44114,1100,0.002789352,44114.06163,44114.06464,0,13819716,7,6.3
44114,1299,0.004456019,44114.06841,44114.07307,0,6678291,7,7.3
44114,1267,0.004236111,44114.07765,44114.082,431492,13819716,7,6.3
44115,1100,0.000891204,44115.05176,44115.05291,0,13819716,1,6.3
44115,1299,0.000972222,44115.05563,44115.05676,0,6678291,1,7.3
44115,1267,0.000729167,44115.0681,44115.06899,431492,13819716,1,6.3
44121,1100,0.000798611,44121.06353,44121.0645,0,13819716,7,6.3
44121,1299,0.001030093,44121.06877,44121.06994,0,6678291,7,7.3
44121,1267,0.000798611,44121.07851,44121.07953,431492,13819716,7,6.3
44128,1100,0.000902778,44128.06497,44128.06615,0,13819716,7,6.3
44128,1299,0.000960648,44128.0726,44128.0738,0,6678291,7,7.3
44128,1267,0.000717593,44128.08223,44128.08316,431492,13819716,7,6.3
44135,1100,0.000891204,44135.06478,44135.06588,0,13819716,7,6.3
44135,1299,0.001145833,44135.07728,44135.0786,0,6678291,7,7.3
44136,1100,0.000763889,44136.05692,44136.05791,0,13819716,1,6.3
44136,1299,0.001030093,44136.06241,44136.06358,0,6678291,1,7.3
44136,1267,0.000729167,44136.07588,44136.07676,431492,13819716,1,6.3
44142,1100,0.002777778,44142.06145,44142.06455,0,13819716,7,6.3
44142,1299,0.004965278,44142.07197,44142.07707,0,6678291,7,7.3
44143,1100,0.000798611,44143.05469,44143.05567,0,13819716,1,6.3
44143,1299,0.001006944,44143.05539,44143.05659,0,6678291,1,7.3
44143,1267,0.000694444,44143.07267,44143.07352,431492,13819716,1,6.3
44149,1100,0.000798611,44149.05992,44149.06095,0,13819716,7,6.3
44149,1299,0.001053241,44149.06576,44149.06696,0,6678291,7,7.3
44149,1267,0.000729167,44149.07838,44149.07934,431492,13819716,7,6.3
44156,1100,0.000763889,44156.06362,44156.06458,0,13819716,7,6.3
44163,1100,0.000717593,44163.07105,44163.07198,0,13819716,7,6.3
44163,1299,0.001041667,44163.07344,44163.07461,0,6678291,7,7.3
44170,1100,0.002581019,44170.06663,44170.06948,0,13819716,7,6.3
44170,1299,0.00443287,44170.07014,44170.07478,0,6678291,7,7.3
44171,1100,0.000763889,44171.05135,44171.05234,0,13819716,1,6.3
44171,1299,0.000983796,44171.0556,44171.05677,0,6678291,1,7.3
44171,1267,0.00068287,44171.07025,44171.07111,431492,13819716,1,6.3
44177,1100,0.000706019,44177.06509,44177.066,0,14272200,7,6.3
44177,1299,0.000914352,44177.06603,44177.06716,0,6678291,7,7.3
44177,1267,0.000902778,44177.08076,44177.08181,431492,14272200,7,6.3
44178,1100,0.000856481,44178.057,44178.05809,0,14272200,1,6.3
44178,1299,0.000972222,44178.05938,44178.06051,0,6678291,1,7.3
44178,1267,0.000856481,44178.08039,44178.08141,431492,14272200,1,6.3
44184,1100,0.000821759,44184.06255,44184.06354,0,14272200,7,6.3
44184,1299,0.000925926,44184.06955,44184.07067,0,6678291,7,7.3
44184,1267,0.000833333,44184.08185,44184.08291,431492,14272200,7,6.3
44191,1100,0.000844907,44191.07543,44191.07653,0,14272200,7,6.3
44191,1299,0.000972222,44191.07725,44191.07843,0,6678291,7,7.3
44198,1100,0.000740741,44198.0461,44198.04711,0,14272200,7,6.3
44198,1299,0.000856481,44198.04896,44198.04998,0,6678291,7,7.3
44198,1267,0.000787037,44198.06604,44198.06699,431492,14272200,7,6.3
44199,1100,0.000775463,44199.0537,44199.05472,0,14272200,1,6.3
44199,1299,0.001018519,44199.05833,44199.05946,0,6678291,1,7.3
44199,1267,0.000810185,44199.0698,44199.07081,431492,14272200,1,6.3
44205,1100,0.002604167,44205.06146,44205.06428,0,14272200,7,6.3
44205,1299,0.004513889,44205.06932,44205.07405,0,6678291,7,7.3
44206,1100,0.000972222,44206.05674,44206.05794,0,14272200,1,6.3
44206,1299,0.000925926,44206.05919,44206.06036,0,6678291,1,7.3
44212,1100,0.000787037,44212.07451,44212.0755,0,14272200,7,6.3
44212,1299,0.0009375,44212.07674,44212.07786,0,6678291,7,7.3
44213,1100,0.000798611,44213.05707,44213.0581,0,14272200,1,6.3
44213,1299,0.000983796,44213.05946,44213.06067,0,6678291,1,7.3
44219,1100,0.000833333,44219.06279,44219.06383,0,14272200,7,6.3
44219,1299,0.000949074,44219.06929,44219.07045,0,6678291,7,7.3
44226,1100,0.000821759,44226.06867,44226.0697,0,14272200,7,6.3
44226,1299,0.000949074,44226.07225,44226.07347,0,7475297,7,7.3
44226,1242,0.000983796,44226.07524,44226.07642,797006,7475297,7,7.3
44227,1100,0.000763889,44227.05792,44227.05891,0,14272200,1,6.3
44227,1299,0.001053241,44227.06061,44227.06181,0,7475297,1,7.3
44227,1242,0.000625,44227.06355,44227.06433,797006,7475297,1,7.3
44233,1100,0.002581019,44233.06226,44233.06513,0,14272200,7,6.3
44233,1299,0.005,44233.07378,44233.07906,0,7475297,7,7.3
44233,1242,0.001851852,44233.08094,44233.08285,797006,7475297,7,7.3
44234,1100,0.000810185,44234.05722,44234.05828,0,14272200,1,6.3
44234,1299,0.000972222,44234.05968,44234.0609,0,7475297,1,7.3
44234,1242,0.00068287,44234.06378,44234.06461,797006,7475297,1,7.3
44234,1267,0.000358796,44234.08288,44234.08326,431492,14272200,1,6.3
44240,1100,0.000740741,44240.0645,44240.06549,0,14272200,7,6.3
44240,1299,0.000972222,44240.06634,44240.06755,0,7475297,7,7.3
44240,1242,0.000717593,44240.07279,44240.07363,797006,7475297,7,7.3
44247,1100,0.000868056,44247.06133,44247.0624,0,14272200,7,6.3
44247,1299,0.000983796,44247.07029,44247.07147,0,7475297,7,7.3
44247,1242,0.000740741,44247.07757,44247.07847,797006,7475297,7,7.3
44254,1100,0.000844907,44254.07258,44254.07368,0,14272200,7,6.3
44254,1299,0.000914352,44254.07719,44254.07829,0,7475297,7,7.3
44255,1100,0.00087963,44255.05436,44255.05546,0,14272200,1,6.3
44255,1299,0.001006944,44255.05652,44255.05772,0,7475297,1,7.3
44255,1242,0.000659722,44255.06163,44255.06245,797006,7475297,1,7.3
44255,1267,0.000844907,44255.07925,44255.0803,431492,14272200,1,6.3
44261,1100,0.002951389,44261.06216,44261.06544,0,14272200,7,6.3
44261,1299,0.004918981,44261.07319,44261.07825,0,7475297,7,7.3
44261,1242,0.000520833,44261.08245,44261.083,797006,7475297,7,7.3
44268,1299,0.000972222,44268.06686,44268.06803,0,7475297,7,7.3
44268,1100,0.000775463,44268.06859,44268.06958,0,14272200,7,6.3
44268,1242,0.000717593,44268.0755,44268.0764,797006,7475297,7,7.3
44275,1299,0.000960648,44275.05262,44275.0538,0,7475297,7,7.3
44275,1100,0.000787037,44275.05264,44275.05376,0,14272200,7,6.3
44275,1242,0.000787037,44275.06043,44275.0614,797006,7475297,7,7.3
44275,1267,0.000752315,44275.07718,44275.07814,431492,14272200,7,6.3
44282,1100,0.000810185,44282.06384,44282.06484,0,14272200,7,6.3
44282,1299,0.001030093,44282.07197,44282.07322,0,7475297,7,7.3
44282,1242,0.000810185,44282.08086,44282.08185,797006,7475297,7,7.3
44283,1100,0.000752315,44283.05876,44283.05964,0,14272200,1,6.3
44283,1299,0.001041667,44283.05973,44283.06097,0,7475297,1,7.3
44283,1242,0.000659722,44283.06689,44283.06773,797006,7475297,1,7.3
44289,1100,0.000833333,44289.06611,44289.06723,0,14272200,7,6.3
44289,1299,0.001122685,44289.0817,44289.08299,0,7475297,7,7.3
44290,1100,0.000856481,44290.05848,44290.05958,0,14272200,1,6.3
44290,1299,0.000868056,44290.06359,44290.06469,0,7475297,1,7.3
44290,1242,0.00068287,44290.07157,44290.07241,797006,7475297,1,7.3
44290,1267,0.000798611,44290.07678,44290.07778,431492,14272200,1,6.3
44296,1100,0.002719907,44296.06587,44296.06878,0,14272200,7,6.3
44296,1299,0.005625,44296.0723,44296.07814,0,7475297,7,7.3
44296,1242,0.004479167,44296.07803,44296.08258,797006,7475297,7,7.3
44303,1100,0.000775463,44303.06242,44303.06348,0,14272200,7,6.3
44303,1299,0.001134259,44303.07255,44303.0738,0,7475297,7,7.3
44303,1242,0.000729167,44303.07914,44303.08009,797006,7475297,7,7.3
44303,1267,0.000810185,44303.08074,44303.08175,431492,14272200,7,6.3
44310,1100,0.000856481,44310.06601,44310.06712,0,14272200,7,6.3
44310,1299,0.0009375,44310.07538,44310.07649,0,7475297,7,7.3
44311,1100,0.000787037,44311.05808,44311.0591,0,14272200,1,6.3
44311,1299,0.001053241,44311.06117,44311.06244,0,7475297,1,7.3
44311,1242,0.00068287,44311.06616,44311.06705,797006,7475297,1,7.3
44311,1267,0.000787037,44311.07743,44311.0784,431492,14272200,1,6.3
44318,1100,0.000844907,44318.05681,44318.05786,0,14272200,1,6.3
44318,1299,0.001006944,44318.06078,44318.06197,0,7475297,1,7.3
44318,1242,0.000729167,44318.07422,44318.0751,797006,7475297,1,7.3
44318,1267,0.000856481,44318.08209,44318.08316,431492,14272200,1,6.3
44324,1100,0.000868056,44324.06266,44324.06377,0,14272200,7,6.3
44324,1299,0.000983796,44324.0749,44324.07606,0,7475297,7,7.3
44324,1267,0.000706019,44324.08038,44324.0813,431492,14272200,7,6.3
44331,1100,0.002303241,44331.06368,44331.06623,0,14272200,7,6.3
44331,1299,0.004652778,44331.06815,44331.07296,0,7475297,7,7.3
44331,1242,0.003981481,44331.07774,44331.08182,797006,7475297,7,7.3
44331,1267,0.001840278,44331.08115,44331.08307,431492,14272200,7,6.3
44338,1100,0.000856481,44338.06765,44338.06875,0,14272200,7,6.3
44338,1299,0.001064815,44338.07241,44338.07369,0,7475297,7,7.3
44338,1242,0.000810185,44338.07983,44338.0808,797006,7475297,7,7.3
44345,1100,0.000844907,44345.06558,44345.06668,0,14272200,7,6.3
44345,1299,0.001006944,44345.07286,44345.074,0,7475297,7,7.3
44345,1242,0.000798611,44345.08211,44345.08308,797006,7475297,7,7.3
44346,1100,0.000902778,44346.05648,44346.05762,0,14272200,1,6.3
44346,1299,0.00125,44346.06307,44346.0645,0,7475297,1,7.3
44346,1242,0.000810185,44346.06939,44346.07043,797006,7475297,1,7.3
44346,1267,0.000821759,44346.0798,44346.08075,431492,14272200,1,6.3
